"Day","Online store visitors","Sessions","Bounce rate","Average session duration","Checkout conversion rate","Completed checkout rate","Conversion rate","Pageviews","Reached checkout rate","Day (previous_period)","Online store visitors (previous_period)","Sessions (previous_period)","Bounce rate (previous_period)","Average session duration (previous_period)","Checkout conversion rate (previous_period)","Completed checkout rate (previous_period)","Conversion rate (previous_period)","Pageviews (previous_period)","Reached checkout rate (previous_period)","Online store visitors (previous_period) ","Sessions (previous_period) ","Bounce rate (previous_period) ","Average session duration (previous_period) ","Checkout conversion rate (previous_period) ","Completed checkout rate (previous_period) ","Conversion rate (previous_period) ","Pageviews (previous_period) ","Reached checkout rate (previous_period) "
"2025-09-17",5525,7418,0.38999730385548664,305.9928552170396,0.8142857142857143,0.8187919463087249,0.03842005931517929,49746,0.04718252898355352,"2025-06-18",5024,6541,0.3808286194771442,239.49977067726647,0.6887966804979253,0.7307692307692307,0.025378382510319524,28109,0.03684451918666871,9.972133757961783,13.407735820210977,2.407561803241187,27.76331866696219,18.21858864027539,12.045213705404462,51.38892047023358,76.97534597459888,28.058473892706864
"2025-09-18",5356,7027,0.42649779422228545,244.71979507613491,0.65625,0.7452229299363057,0.017930838195531523,41616,0.02732318201223851,"2025-06-19",5253,6786,0.3881520778072502,235.32493368700264,0.6666666666666666,0.6862745098039216,0.016799292661361626,29799,0.025198938992042442,1.9607843137254901,3.551429413498379,9.879044479591089,3.99229322704412,-1.5624999999999944,8.58962693357597,6.735673679716598,39.65569314406524,8.429890722251765
"2025-09-19",8957,10654,0.33180026281208935,199.5532194480946,0.7329545454545454,0.7371794871794872,0.012108128402477943,51030,0.016519617045241224,"2025-06-20",5318,6839,0.3678900424038602,249.95101623044306,0.689119170984456,0.7195121951219512,0.019447287615148412,30346,0.028220500073110104,68.42798044377585,55.78300921187308,-9.809936511451543,-20.163069365512825,6.36107313738892,2.4554541503694147,-37.738729214626574,68.16054834245041,-41.462351827769574
"2025-09-20",4999,6720,0.3587797619047619,301.50223214285717,0.7706422018348624,0.7823834196891192,0.025,44484,0.03244047619047619,"2025-06-21",4945,6315,0.39398258115597784,218.04212193190816,0.6818181818181818,0.6946564885496184,0.0166270783847981,25420,0.024386381631037214,1.0920121334681496,6.4133016627078385,-8.935120722324301,38.27705833692655,13.02752293577983,12.628821955246817,50.35714285714287,74.99606608969316,33.02701762523191
"2025-09-21",4890,6317,0.39243311698591105,249.08548361564033,0.7023809523809523,0.7448275862068966,0.018679753047332593,36791,0.026594902643659966,"2025-06-22",8129,9702,0.5576169861884147,183.12059369202225,0.6106194690265486,0.65,0.01422387136672851,34620,0.02329416615130901,-39.8449993849182,-34.88971346114203,-29.62317743073366,36.02264966143558,15.027605244996549,14.588859416445628,31.32678555450784,6.270941652224148,14.16979887114557
"2025-09-22",4685,6176,0.41871761658031087,251.42746113989637,0.5903614457831325,0.648854961832061,0.015867875647668395,36568,0.02687823834196891,"2025-06-23",8831,10458,0.5773570472365653,172.63673742589404,0.6684491978609626,0.6818181818181818,0.011952572193536048,35383,0.01788104800152993,-46.9482504812592,-40.94473130617709,-27.476832822178025,45.63960422840126,-11.681927710843372,-4.834605597964374,32.75699481865287,3.3490659356188,50.31690726219832
"2025-09-23",5763,7558,0.4068536649907383,242.62873776131252,0.655367231638418,0.7058823529411765,0.015347975654935168,41785,0.023418893887271766,"2025-06-24",5178,6975,0.3664516129032258,257.93863799283156,0.6336206896551724,0.6666666666666666,0.021075268817204302,32189,0.03326164874551971,11.297798377752027,8.3584229390681,11.025207875993717,-5.935481535707154,3.432107306199315,5.882352941176483,-27.17542163729742,29.811426263630434,-29.591903075982515
"2025-09-24",5786,7502,0.393761663556385,235.01839509464142,0.6755555555555556,0.6984924623115578,0.020261263663023193,40024,0.029992002132764595,"2025-06-25",4868,6520,0.38742331288343557,248.15674846625768,0.6578947368421053,0.6790123456790124,0.019171779141104295,29484,0.029141104294478526,18.85784716516023,15.061349693251534,1.636027172906974,-5.294376821431761,2.6844444444444404,2.8688899040657847,5.682751266328975,35.748202414869084,2.919923108223773
"2025-09-25",5449,7033,0.41347931181572584,242.79240722309115,0.6385542168674698,0.7244094488188977,0.015071804350917106,44547,0.023603014360870183,"2025-06-26",5861,7740,0.3945736434108527,254.4405684754522,0.6989795918367347,0.7183908045977011,0.017700258397932815,34293,0.025322997416020673,-7.029517147244498,-9.1343669250646,4.7914169434747205,-4.57794970438641,-8.644798170785347,0.8377952755905638,-14.849806075840581,29.901146006473624,-6.79217798309428
"2025-09-26",8721,10397,0.31441762046744254,187.07175146676926,0.6363636363636364,0.6585365853658537,0.00942579590266423,57934,0.014811964989900932,"2025-06-27",5641,7453,0.37058902455387094,257.90379712867303,0.6986301369863014,0.7315789473684211,0.020528646182745202,33745,0.029384140614517645,54.60024818294629,39.500872132027375,-15.157330726145938,-27.46452221739269,-8.912655971479504,-9.984207755746626,-54.08466871728332,71.68173062675952,-49.591974854003816
"2025-09-27",5206,6610,0.3757942511346445,257.07095310136157,0.6413793103448275,0.6470588235294118,0.014069591527987898,49525,0.02193645990922844,"2025-06-28",4726,6135,0.34963325183374083,267.3473512632437,0.7109004739336493,0.723404255319149,0.02444987775061125,28212,0.03439282803585982,10.156580617858655,7.742461287693562,7.482411688160555,-3.843837656638486,-9.779310344827595,-10.553633217993081,-42.4553706505295,75.5458670069474,-36.217923439281286
"2025-09-28",4872,6162,0.3644920480363518,247.78172671210646,0.5935483870967742,0.625,0.014930217461863031,43993,0.02515417072379098,"2025-06-29",11132,12788,0.6566312167657179,135.90725680325306,0.693069306930693,0.7344632768361582,0.010947763528307789,36850,0.01579605880512981,-56.234279554437656,-51.81420081326243,-44.490600091832,82.31677435062143,-14.359447004608294,-14.903846153846155,36.376872073074594,19.383989145183175,59.24333426526686
"2025-09-29",5001,6460,0.38421052631578945,245.32399380804952,0.6439393939393939,0.6857142857142857,0.013157894736842105,46604,0.02043343653250774,"2025-06-30",5562,7545,0.34777998674618954,262.95626242544733,0.7142857142857143,0.74,0.02186878727634195,33946,0.03061630218687873,-10.086299892125135,-14.380384360503644,10.475168485237472,-6.705399770578526,-9.848484848484853,-7.335907335907334,-39.832535885167474,37.28863489070877,-33.259619637328626
"2025-09-30",5132,6667,0.3695815209239538,266.90055497225137,0.6506849315068494,0.6779661016949152,0.014249287535623219,49923,0.021898905054747262,"2025-07-01",4283,5317,0.42636825277412077,219.87775061124694,0.6910569105691057,0.7264150943396226,0.015986458529245816,21747,0.02313334587173218,19.822554284380107,25.390257664096296,-13.318705480694211,21.38588567068922,-5.842062852538267,-6.66960158485582,-10.866515497754527,129.56269830321423,-5.336196604803906
"2025-10-01",5310,6892,0.383633197910621,261.9098955310505,0.5458515283842795,0.5549738219895288,0.018136970400464306,49277,0.03322692977365061,"2025-07-02",5352,6861,0.4133508234951173,216.20929893601516,0.7631578947368421,0.8015873015873016,0.01690715639119662,27656,0.022154204926395568,-0.7847533632286996,0.45182917941990963,-7.189443904627264,21.13720215547248,-28.474627315163374,-30.7656420092271,7.273925791022066,78.17833381544692,49.9802402480374
"2025-10-02",5204,6815,0.3933969185619956,247.01834189288334,0.6585365853658537,0.6890243902439024,0.019809244314013204,50424,0.03008070432868672,"2025-07-03",5930,7850,0.39503184713375794,256.88,0.6582278481012658,0.6780487804878049,0.019872611464968153,34258,0.030191082802547772,-12.24283305227656,-13.184713375796179,-0.4138725987853714,-3.8390135888806656,0.04690431519700949,1.618705035971208,-0.31886675320278385,47.18897775702026,-0.36559958641740964
"2025-10-03",9247,10849,0.3062955111070145,175.71905244723015,0.6418918918918919,0.6691729323308271,0.008756567425569177,65192,0.013641810305097243,"2025-07-04",4715,6112,0.4036321989528796,237.3434227748691,0.6690647482014388,0.7,0.015215968586387435,25155,0.02274214659685864,96.118769883351,77.5032722513089,-24.115194005428766,-25.96422079329851,-4.061319383900022,-4.403866809881839,-42.45146225260343,159.1612005565494,-40.015291665644355
"2025-10-04",4918,6261,0.40967896502156204,241.58361284139914,0.7166666666666667,0.7755102040816326,0.01373582494809136,43686,0.019166267369429803,"2025-07-05",5355,7097,0.34732985768634633,254.71819078483867,0.7346153846153847,0.7844827586206896,0.026912780047907568,30526,0.03663519797097365,-8.160597572362278,-11.779625193743835,17.950978286329647,-5.156513519104863,-2.4432809773123974,-1.1437542049786928,-48.96170175046891,43.11079080128415,-47.68346172275257
"2025-10-05",4929,6056,0.4271796565389696,227.60204755614268,0.5486725663716814,0.5862068965517241,0.01023778071334214,43009,0.018659180977542933,"2025-07-06",8059,9537,0.5735556254587396,186.8483799937087,0.6571428571428571,0.6883116883116883,0.012058299255531089,35002,0.018349585823634267,-38.838565578855935,-36.49994757261193,-25.52079735992407,21.811089592431134,-16.5063485956137,-14.834092387768386,-15.097639423353044,22.87583566653334,1.6872051330439721
"2025-10-06",4826,6180,0.4186084142394822,218.06391585760517,0.6814159292035398,0.68,0.012459546925566342,40905,0.018284789644012946,"2025-07-07",5724,7409,0.41787015791604804,248.33175867188555,0.6310679611650486,0.6703910614525139,0.01754622756107437,31025,0.027804022135240924,-15.688329839273235,-16.58793359427723,0.1766712241706621,-12.188470365674217,7.978216473791677,1.433333333333347,-28.990166791137668,31.84528605962933,-34.23689006189713
"2025-10-07",6005,7894,0.4281732961743096,227.53699011907779,0.6306306306306306,0.6923076923076923,0.00886749429946795,48109,0.014061312389156321,"2025-07-08",5291,6928,0.4512124711316397,212.20915127020785,0.7049180327868853,0.7368421052631579,0.018620092378752888,26481,0.026414549653579675,13.494613494613494,13.943418013856814,-5.106058992462666,7.222986736021037,-10.538445422166353,-6.04395604395604,-52.376743793245,81.67365280767342,-46.76679113001366
"2025-10-08",5606,7491,0.4106260846348952,240.75010012014417,0.6523809523809524,0.7093023255813954,0.018288613002269388,48853,0.02803364036844213,"2025-07-09",5705,7293,0.4664747017688194,210.12450294803236,0.6894409937888198,0.7214285714285714,0.015220074043603456,26523,0.02207596325243384,-1.7353198948290973,2.7149321266968327,-11.972485736558175,14.574976617403864,-5.375375375375369,-1.6808657609946975,20.161130293288867,84.19107944048562,26.987167209346858
"2025-10-09",4985,6450,0.37813953488372093,235.60961240310078,0.66875,0.6691729323308271,0.016589147286821704,45550,0.024806201550387597,"2025-07-10",5857,7473,0.4671484009099425,220.53847183192826,0.6647727272727273,0.6805555555555556,0.01565636290646327,28473,0.023551451893483205,-14.888168004097661,-13.689281413087114,-19.05365957645241,6.833792057223555,0.5982905982905885,-1.6725487187356154,5.957861260186823,59.97611772556457,5.327695560253703
"2025-10-10",4758,6217,0.40421425124658195,250.1111468553965,0.7637795275590551,0.7669902912621359,0.015602380569406465,43195,0.020427859096027023,"2025-07-11",5380,6987,0.43552311435523117,234.11564333762703,0.6341463414634146,0.6811594202898551,0.014884786031200801,28087,0.0234721625876628,-11.561338289962825,-11.0204665807929,-7.188794825505491,6.832308721336379,20.442156268927917,12.600702334228458,4.820993306195169,53.790009612988214,-12.96984664393853
"2025-10-11",4020,5159,0.3849583252568327,235.19034696646636,0.631578947368421,0.6494845360824743,0.013956193060670672,36139,0.022097305679395232,"2025-07-12",5203,6579,0.4453564371485028,233.31068551451588,0.743801652892562,0.7641509433962265,0.013679890560875513,25833,0.01839185286517708,-22.736882567749376,-21.583827329381364,-13.561746694037462,0.8056473915051507,-15.087719298245615,-15.005727376861401,2.019771273502614,39.89470831881702,20.147251293174566
"2025-10-12",3982,4935,0.38885511651469096,215.46565349544073,0.6923076923076923,0.75,0.00911854103343465,29525,0.013171225937183385,"2025-07-13",8453,9824,0.6072882736156352,143.85464169381106,0.6484375,0.6476190476190476,0.008448697068403909,29209,0.013029315960912053,-52.89246421388856,-49.76587947882736,-35.96861105195568,49.7801189856987,6.76552363299351,15.80882352941176,7.928370015014456,1.081858331336232,1.0891590678824727
"2025-10-13",3626,4469,0.3826359364511076,231.552025061535,0.6075949367088608,0.6984126984126984,0.01074065786529425,31510,0.01767733273663012,"2025-07-14",5171,6805,0.4186627479794269,232.56634827332843,0.6690140845070423,0.688,0.013960323291697281,27632,0.020867009551800146,-29.878166698897697,-34.32770022042616,-8.60521068621315,-0.43614358626008964,-9.180546302465022,1.5134736064968648,-23.062971817550135,14.034452808338159,-15.285739948754957
"2025-10-14",4661,6074,0.4176819229502799,228.22275271649653,0.6126126126126126,0.6989247311827957,0.011195258478761936,39042,0.018274613105037866,"2025-07-15",5761,7425,0.45037037037037037,211.85723905723907,0.6338028169014085,0.6972477064220184,0.012121212121212121,28067,0.019124579124579124,-19.09390730775907,-18.195286195286194,-7.258125660710878,7.724783789349706,-3.3433433433433564,0.2405206564799104,-7.639117550214028,39.10286101115189,-4.4443645740097475
"2025-10-15",5371,6838,0.3906112898508336,234.58306522374963,0.6349206349206349,0.6770833333333334,0.011699327288680901,46701,0.01842644047967242,"2025-07-16",5542,7267,0.40209164717214807,232.12274666299712,0.7282051282051282,0.7630057803468208,0.01954038805559378,29919,0.026833631484794274,-3.085528690003609,-5.903398926654741,-2.8551593652974767,1.059921354594549,-12.810194500335347,-11.26104797979797,-40.12745675574358,56.09144690664795,-31.33079847908745
"2025-10-16",5014,6422,0.4193397695421987,231.2072563064466,0.6737588652482269,0.680672268907563,0.014792899408284023,43328,0.02195577701650576,"2025-07-17",5467,7034,0.42550469149843617,208.6273812908729,0.7272727272727273,0.7692307692307693,0.017059994313335228,27163,0.02345749218083594,-8.286080117066033,-8.700597099800966,-1.4488493498220631,10.823064008119015,-7.358156028368801,-11.512605042016808,-13.28895463510848,59.5110996576225,-6.401857252059682
"2025-10-17",5463,7170,0.37852161785216176,271.93933054393307,0.7329545454545454,0.7549668874172185,0.01799163179916318,56306,0.024546722454672244,"2025-07-18",5636,7149,0.46160302140159465,198.33445237096097,0.7027027027027027,0.7251908396946565,0.014547489159322982,25704,0.020702196111344245,-3.069552874378992,0.2937473772555602,-17.998453150754415,37.11149388977712,4.3050699300699184,4.10596026490066,23.675168973286134,119.05539993775288,18.57062083003504
"2025-10-18",4730,6063,0.3777008081807686,251.7887184562098,0.6814159292035398,0.7010309278350515,0.012699983506514927,42716,0.01863763813293749,"2025-07-19",5362,6786,0.417035072207486,227.2508104921898,0.7397260273972602,0.7661290322580645,0.015915119363395226,27652,0.0215148835838491,-11.786646773591944,-10.654288240495138,-9.431883946477173,10.797720769785034,-7.882661422484433,-8.49701573521433,-20.20177030073121,54.47707218284392,-13.373279198552186
"2025-10-19",4188,5333,0.38402400150009375,257.18019876242266,0.5892857142857143,0.6333333333333333,0.012375773485842866,37400,0.02100131258203638,"2025-07-20",8062,9352,0.6307741659538066,137.36698032506416,0.6341463414634146,0.6831683168316832,0.008340461933276304,26804,0.013152266894781864,-48.05259240883156,-42.97476475620188,-39.1186224439926,87.22126536801888,-7.074175824175823,-7.294685990338176,48.38235082000319,39.53141322190718,59.67827257496278
"2025-10-20",4830,6316,0.3812539582013933,248.3677960734642,0.6595744680851063,0.6890756302521008,0.014724509183027232,39382,0.022324255858138062,"2025-07-21",5329,7047,0.42968639137221515,231.03746275010644,0.723404255319149,0.7295081967213115,0.01447424435930183,27527,0.020008514261387826,-9.363858134734471,-10.373208457499645,-11.271577164953158,7.501092297790039,-8.823529411764717,-5.5424416957794405,1.729035502738146,43.06680713481309,11.573780873970858
"2025-10-21",4856,6267,0.43034944949736714,228.98659645763524,0.6694214876033058,0.7065217391304348,0.01292484442316898,34210,0.019307483644486995,"2025-07-22",5438,7064,0.43459796149490376,223.50665345413364,0.7150259067357513,0.75,0.019535673839184597,26636,0.02732163080407701,-10.702464141228393,-11.28255945639864,-0.9775729234722697,2.451803075574283,-6.37800934243622,-5.797101449275359,-33.83978188024226,28.435200480552634,-29.332609085670395
"2025-10-22",5037,6688,0.385616028708134,250.6625299043062,0.6446700507614214,0.6706586826347305,0.018989234449760764,41777,0.02945574162679426,"2025-07-23",5574,7074,0.44232400339270567,211.94303081707662,0.7055214723926381,0.7388059701492538,0.016256714729997172,26367,0.02304212609556121,-9.634015069967708,-5.456601639807746,-12.820460623798658,18.268823908934067,-8.625027587728976,-9.223976289844561,16.808560432702304,58.44426745553154,27.834304458860476
"2025-10-23",4692,5926,0.43030712116098546,225.02446844414445,0.7094017094017094,0.7244897959183674,0.01400607492406345,33445,0.019743503206209923,"2025-07-24",5911,7517,0.43993614473859255,211.11680191565785,0.6761363636363636,0.72,0.015830783557270186,28872,0.023413595849408008,-20.622568093385215,-21.165358520686443,-2.188732090501133,6.5876644598106315,4.91991668462257,0.6235827664399168,-11.52633176118911,15.838875034635633,-15.675049090295458
"2025-10-24",6105,7902,0.42255125284738043,253.3981270564414,0.7029702970297029,0.7471264367816092,0.017970134143254872,48445,0.025563148569982284,"2025-07-25",5681,7174,0.41162531363256205,243.60468357959297,0.7382198952879581,0.7964071856287425,0.01965430722051854,31407,0.02662391971006412,7.463474740362612,10.147755784778367,2.654340938947073,4.020219698956907,-4.774945579664348,-6.18788350185809,-8.568977061198266,54.24905275893909,-3.9842786172497897
"2025-10-25",4505,5863,0.39041446358519527,259.3997953266246,0.6532258064516129,0.73,0.013815452839843085,36150,0.02114958212519188,"2025-07-26",5182,6673,0.42799340626404914,230.04270942604526,0.6666666666666666,0.7241379310344828,0.014086617713172486,27890,0.02112992656975873,-13.06445387881127,-12.13846845496778,-8.780262062184589,12.761580653359992,-2.0161290322580627,0.8095238095238065,-1.9249821273692473,29.616349946217284,0.09302235560667953
"2025-10-26",4374,5441,0.44348465355633154,237.1475831648594,0.6261682242990654,0.6666666666666666,0.012313912883661092,31113,0.019665502664951297,"2025-07-27",8203,9558,0.6119481062983888,145.89694496756644,0.6885245901639344,0.7047619047619048,0.008788449466415568,29352,0.012764176605984516,-46.67804461782275,-43.073864825277255,-27.529042251813703,62.54458461592764,-9.05651980418336,-5.405405405405418,40.11473731194371,5.999591169255928,54.067929894757775
"2025-10-27",5053,6447,0.43213897937024975,241.55421126105165,0.7070707070707071,0.7215189873417721,0.010857763300760043,37193,0.015355979525360632,"2025-07-28",5473,7181,0.40481827043587243,273.82425845982453,0.7344632768361582,0.7516339869281046,0.0181033282272664,33221,0.024648377663278095,-7.674036177599123,-10.221417629856566,6.7488823824480075,-11.784948265826324,-3.72960372960373,-4.0066042927903185,-40.02338595172472,11.956292706420637,-37.699836739200734
"2025-10-28",4441,5707,0.43507972665148065,228.17627475030665,0.625,0.6704545454545454,0.011389521640091117,34378,0.018223234624145785,"2025-07-29",6097,7875,0.46120634920634923,209.20558730158731,0.7116564417177914,0.7681159420289855,0.01473015873015873,29134,0.0206984126984127,-27.160898802689847,-27.530158730158732,-5.664844510451269,9.067964050774371,-12.176724137931034,-12.71440823327616,-22.67889403817453,17.999588110111898,-11.958298978436776
"2025-10-29",5324,6945,0.40777537796976243,252.5585313174946,0.7169811320754716,0.7595628415300546,0.021886249100071996,41487,0.03052555795536357,"2025-07-30",6434,8791,0.3803890342395632,281.8259583665112,0.8006329113924051,0.797945205479452,0.0287794335115459,38777,0.035945853714025706,-17.252098228162886,-20.998748720282105,7.19956183409633,-10.384929485790893,-10.448206428518171,-4.810150331855815,-23.951772395757743,6.9886788560229,-15.079056966581907
"2025-10-30",4680,5932,0.43577208361429537,244.92666891436278,0.625,0.6299212598425197,0.016014834794335804,34720,0.02562373567093729,"2025-07-31",5868,7611,0.4126921560898699,244.7537774274077,0.762114537444934,0.8010204081632653,0.022730258835895415,30896,0.029825252923400342,-20.245398773006134,-22.060176060964395,5.592528761171668,0.07063894529936685,-17.99132947976879,-21.36014845278098,-29.54398403486139,12.377006732263077,-14.087113572024798
"2025-10-31",4929,6403,0.4251132281742933,264.1511791347806,0.7212121212121212,0.7737226277372263,0.01858503826331407,37981,0.025769170701233798,"2025-08-01",9393,11000,0.6056363636363636,170.4380909090909,0.7258064516129032,0.7572815533980582,0.016363636363636365,36059,0.022545454545454546,-47.524752475247524,-41.79090909090909,-29.807182378906838,54.983652847692845,-0.6329966329966386,2.17106494478758,13.575233831363752,5.330153359771486,14.298741013537006
"2025-11-01",5218,6646,0.39662955160999097,257.0120373156786,0.7471910112359551,0.7974683544303798,0.020012037315678605,40869,0.02678302738489317,"2025-08-02",5228,6663,0.41767972384811647,221.4871679423683,0.6666666666666666,0.7338129496402878,0.01740957526639652,26936,0.026114362899594776,-0.19127773527161437,-0.25514032717994894,-5.039787913137988,16.03924493835867,12.07865168539327,8.67460908413999,14.94845227100563,51.72631422631422,2.560523830771956
"2025-11-02",4781,5955,0.42837951301427374,238.06011754827875,0.6785714285714286,0.7441860465116279,0.019143576826196475,35265,0.028211586901763223,"2025-08-03",4959,6236,0.43794098781270047,223.52677998717127,0.7416267942583732,0.7988826815642458,0.02485567671584349,24846,0.033515073765234125,-3.589433353498689,-4.506093649775497,-2.183279269241636,6.50183282823722,-8.502304147465432,-6.846641730362661,-22.98106768505728,41.93431538275779,-15.824183770624185
"2025-11-03",5837,7347,0.43514359602558866,237.58336736082754,0.6866666666666666,0.7661290322580645,0.014019327616714304,42404,0.02041649652919559,"2025-08-04",5915,7679,0.4344315666102357,249.3546034639927,0.7205387205387206,0.7733333333333333,0.027868212006771715,31865,0.0386769110561271,-1.3186813186813187,-4.323479619742154,0.16389909713715564,-4.720681286666101,-4.700934579439262,-0.9315906562847606,-49.69419777161255,33.073905538992626,-47.21270139808318
"2025-11-04",6889,9291,0.38714885372941554,285.67635346033796,0.7882599580712788,0.8022222222222222,0.040469271337853836,66665,0.05134000645786245,"2025-08-05",5445,7088,0.4317155756207675,231.008888261851,0.6338028169014085,0.6814159292035398,0.012697516930022574,28366,0.020033860045146727,26.519742883379248,31.080699774266364,-10.323167476009893,23.664658797249743,24.369904495690648,17.728715728715727,218.71799471412,135.01727420150885,156.2661730798092
"2025-11-05",5304,6956,0.4020989074180564,245.91906267970097,0.717391304347826,0.7300884955752213,0.028464634847613572,43588,0.039677975848188614,"2025-08-06",5135,6728,0.4123067776456599,251.70719381688465,0.7062937062937062,0.7398373983739838,0.015011890606420927,28654,0.02125445897740785,3.2911392405063293,3.388822829964328,-2.475794913169312,-2.299549349151503,1.571244080929834,-1.3177088398327341,89.61392401459813,52.11837788790396,86.6807143402888
"2025-11-06",5339,6842,0.407044723764981,239.41084478222743,0.6666666666666666,0.6818181818181818,0.016954106986261326,43253,0.02543116047939199,"2025-08-07",4671,6104,0.4382372214941022,238.27866972477065,0.7697841726618705,0.7833333333333333,0.01752948885976409,25351,0.022771952817824376,14.30100620852066,12.09043250327654,-7.1177198556469445,0.47514746442244393,-13.395638629283495,-12.959381044487433,-3.28236537930922,70.61654372608575,11.677556522452312
"2025-11-07",5178,6728,0.40755053507728894,250.13614744351963,0.74375,0.7583892617449665,0.01768727705112961,42057,0.023781212841854936,"2025-08-08",5061,6498,0.4167436134195137,224.77777777777777,0.7103448275862069,0.7301587301587301,0.01585103108648815,26955,0.022314558325638657,2.3117960877296975,3.5395506309633733,-2.2059314279090305,11.28152876874329,4.7026699029126275,3.866355412897586,11.584394444893386,56.02671118530885,6.572635204395437
"2025-11-08",4715,6021,0.39794054143829927,241.31639262580967,0.6811594202898551,0.7105263157894737,0.015612024580634445,37349,0.0229197807673144,"2025-08-09",4934,6508,0.37261831591886907,241.28103872157345,0.7569060773480663,0.7987421383647799,0.02105101413644745,29350,0.027811923786109402,-4.438589379813538,-7.4830977258758455,6.795754378575329,0.014652582906447897,-10.00740505659578,-11.044343141317869,-25.837185422796377,27.25383304940375,-17.590092136087225
"2025-11-09",4257,5434,0.3697092381302908,273.7108943687891,0.6988636363636364,0.7243589743589743,0.02263525947736474,37118,0.032388663967611336,"2025-08-10",4739,6089,0.4209229758581048,225.5854820167515,0.8203125,0.8362068965517241,0.01724421087206438,24265,0.021021514205945148,-10.170922135471619,-10.757102972573493,-12.16700932597189,21.33355919972896,-14.805194805194807,-13.375627808617496,31.262947578737048,52.9692973418504,54.07388663967611
"2025-11-10",4793,6321,0.37921214997626956,245.36908716975162,0.6923076923076923,0.710691823899371,0.019933554817275746,37751,0.028792912513842746,"2025-08-11",5082,6833,0.4143128933118689,238.90194643641152,0.6697247706422018,0.6931818181818182,0.010683447973071858,29192,0.01595199765842236,-5.686737504919323,-7.493048441387384,-8.472037414770403,2.7070272259424475,3.3719704952581666,2.5260336117125335,86.58353433759612,29.31967662373253,80.49722129090597
"2025-11-11",3113,3881,0.4042772481319248,239.39732027827878,0.6551724137931034,0.7285714285714285,0.014686936356609122,23766,0.022416902860087608,"2025-08-12",5474,7135,0.41443587946741417,244.356271899089,0.7954545454545454,0.8189655172413793,0.014716187806587245,29714,0.018500350385423966,-43.131165509682134,-45.60616678346181,-2.4511949468622514,-2.029394041032879,-17.635467980295566,-11.037593984962413,-0.19877056723229597,-20.01750016827085,21.170152959640216
"2025-11-12",4709,6099,0.382029840957534,233.2603705525496,0.7328767123287672,0.7709923664122137,0.017543859649122806,35344,0.023938350549270373,"2025-08-13",6584,8875,0.4032676056338028,295.1132394366197,0.8021390374331551,0.8168604651162791,0.03380281690140845,39734,0.04214084507042253,-28.47812879708384,-31.27887323943662,-5.2664197122628025,-20.95902881285474,-8.634703196347026,-5.615169378718325,-48.099415204678365,-11.048472341068102,-43.19442215915118
"2025-11-13",4504,5737,0.3843472198012899,234.98012898727558,0.6893939393939394,0.7207207207207207,0.015861948753704027,36361,0.023008541049328916,"2025-08-14",5473,7137,0.44122180187753957,240.91985428051,0.7702127659574468,0.7931034482758621,0.025360795852599132,28651,0.0329270001401149,-17.70509775260369,-19.61608518985568,-12.890247452467259,-2.465436197017883,-10.493052067637695,-9.126517822170005,-37.454846267853235,26.910055495445185,-30.122571289761506
"2025-11-14",4794,6254,0.41541413495362967,271.568276303166,0.7866666666666666,0.8029197080291971,0.018867924528301886,39603,0.023984649824112567,"2025-08-15",5286,6887,0.43574851168868883,237.8434732103964,0.6277777777777778,0.6824324324324325,0.016407724698707712,28143,0.026136198635109627,-9.307604994324631,-9.191229853346885,-4.666539572620876,14.179410785401963,25.309734513274332,17.65556117655561,14.994155952579714,40.72060547916001,-8.232064811853755
"2025-11-15",5116,6664,0.38415366146458585,274.8062725090036,0.7123287671232876,0.7473684210526316,0.0234093637454982,43781,0.032863145258103243,"2025-08-16",4809,6157,0.39548481403280816,254.95257430566835,0.7836538461538461,0.8238636363636364,0.026473932109793732,27378,0.03378268637323372,6.383863589103764,8.234529803475718,-2.865129624745166,7.787212291307239,-9.101605176905625,-9.284936479128856,-11.5757959625568,59.91306888742786,-2.7219301182011293
"2025-11-16",4894,6224,0.3987789203084833,250.2668701799486,0.631578947368421,0.6510067114093959,0.017352185089974295,39241,0.027474293059125965,"2025-08-17",5134,6605,0.4160484481453444,233.44753974261923,0.7184466019417476,0.7987804878048781,0.022407267221801665,27220,0.031188493565480698,-4.674717569146864,-5.768357305071915,-4.150845391647302,7.204758060793029,-12.091038406827886,-18.499923151800818,-22.56001181129715,44.16238060249816,-11.908880749744181
"2025-11-17",6429,8619,0.3297366283791623,303.37800208840935,0.6589403973509934,0.6591760299625468,0.02308852535096879,72528,0.03503886761805314,"2025-08-18",4795,6179,0.4403625182068296,229.40896585207963,0.7085714285714285,0.7928571428571428,0.020067972163780548,24862,0.028321734908561255,34.07716371220021,39.48859038679398,-25.121549917131798,32.24330660381606,-7.004379406109794,-16.86068090562473,15.051611406158187,191.72230713538733,23.717236006828767
"2025-11-18",5301,7097,0.37057911793715653,296.4453994645625,0.7136363636363636,0.7382198952879581,0.02212202339016486,50471,0.030999013667746936,"2025-08-19",5840,7737,0.41411399767351686,240.03580199043557,0.7487179487179487,0.7705882352941177,0.018870363189866873,32205,0.02520356727413726,-9.229452054794521,-8.271940028434793,-10.512776670418848,23.50049326240701,-4.685554171855544,-4.200471603852775,17.231571897058576,56.71790094705791,22.994548075568236
"2025-11-19",5618,7555,0.33726009265387163,252.6534745201853,0.6816326530612244,0.6981981981981982,0.02210456651224355,50597,0.03242885506287227,"2025-08-20",6847,9237,0.4270867164663852,239.68777741691025,0.7667844522968198,0.8032786885245902,0.02349247591209267,37700,0.030637652917613944,-17.9494669198189,-18.209375338313304,-21.032408723857735,5.409411044236382,-11.105050315056904,-13.081448795734513,-5.907888998343936,34.209549071618035,5.846407850088744
"2025-11-20",4990,6569,0.36139442837570407,243.31313746384532,0.5967741935483871,0.6211180124223602,0.016897549094230475,42512,0.028314811995737554,"2025-08-21",5757,7602,0.4259405419626414,226.1767955801105,0.7951219512195122,0.8324022346368715,0.021441725861615364,30889,0.026966587740068403,-13.32291123849227,-13.588529334385688,-15.15378491315311,7.57652518676047,-24.945576885018802,-25.382466964025177,-21.19314833476069,37.62828191265499,4.999610142242383
"2025-11-21",6096,8148,0.3745704467353952,294.56872852233676,0.75,0.78419452887538,0.033873343151693665,58636,0.045164457535591555,"2025-08-22",5242,6946,0.40526921969478835,252.4156348977829,0.7355769230769231,0.7734806629834254,0.02202706593723006,31335,0.029945292254534985,16.291491797024037,17.30492369709185,-7.574908595948309,16.699874253678455,1.960784313725483,1.385149804602696,53.78055002069556,87.12621669060157,50.82323175106679
"2025-11-22",5491,6912,0.47077546296296297,197.05078125,0.7251184834123223,0.7252747252747253,0.022135416666666668,36378,0.03052662037037037,"2025-08-23",5077,6614,0.40081644995464166,250.46129422437255,0.7619047619047619,0.7973856209150327,0.019352887813728455,28750,0.025400665255518595,8.154421902698443,4.505594194133656,17.454127198681142,-21.3248570561667,-4.82819905213269,-9.04341560079266,14.37784830729167,26.53217391304348,20.180397100970026
"2025-11-23",4701,5913,0.4140030441400304,214.06950786402842,0.6666666666666666,0.6991150442477876,0.015220700152207,33653,0.0228310502283105,"2025-08-24",4156,5202,0.4071510957324106,228.07381776239907,0.6639344262295082,0.6857142857142857,0.015570934256055362,21982,0.023452518262206845,13.11357074109721,13.667820069204152,1.6829006428913278,-6.14025320212772,0.4115226337448564,1.9542772861356887,-2.2492812447150348,53.09344008734419,-2.649898944531788
"2025-11-24",4802,6329,0.3730447148048665,282.17396113130036,0.6666666666666666,0.6919191919191919,0.02275240954337178,44349,0.03412861431505767,"2025-08-25",5124,6736,0.4165676959619953,233.28711401425178,0.6956521739130435,0.7522123893805309,0.014251781472684086,27479,0.020486935866983372,-6.284153005464481,-6.042161520190024,-10.44799718725657,20.955656862411193,-4.16666666666667,-8.01544860368389,59.646073629325315,61.392335965646495,66.58720726538294
"2025-11-25",4936,6419,0.386197226982396,273.8354883938308,0.6242774566473989,0.6405228758169934,0.0168250506309394,45623,0.026951238510671445,"2025-08-26",5101,6759,0.4256546826453617,227.32297677171178,0.7894736842105263,0.7867647058823529,0.01775410563692854,27282,0.02248853380677615,-3.2346598706136054,-5.030329930463086,-9.26982769641937,20.460981235886702,-20.924855491329478,-18.587746625129807,-5.232902321233838,67.22747599149622,19.844355982650193
"2025-11-26",4811,6274,0.4000637551801084,267,0.6839080459770115,0.7412587412587412,0.01896716608224418,42739,0.027733503347146957,"2025-08-27",5757,7884,0.3769660071029934,237.89738711314052,0.743801652892562,0.7524271844660194,0.0228310502283105,34641,0.030695078640284118,-16.432169532742748,-20.421106037544394,6.127276104978963,12.233262937443989,-8.052362707535117,-1.4843221294834208,-16.923812559770486,23.376923298980977,-9.648371740121233
"2025-11-27",5158,7002,0.3658954584404456,308.7550699800057,0.7485714285714286,0.7986577181208053,0.03741788060554127,53665,0.04998571836618109,"2025-08-28",5092,6664,0.4057623049219688,213.84468787515007,0.7155963302752294,0.7560975609756098,0.0117046818727491,26664,0.016356542617046818,1.296150824823252,5.07202881152461,-9.825172520446404,44.38285703887468,4.6080586080586,5.628924009525864,219.68302096836794,101.26387638763876,205.60075889195488
"2025-11-28",5388,7331,0.35179375255763196,329.6276087846133,0.71875,0.7375565610859729,0.025098895102987313,60060,0.03492020188241713,"2025-08-29",5406,7139,0.4154643507494047,266.9223980949713,0.7485380116959064,0.7872340425531915,0.017929682028295278,32091,0.023952934584675727,-0.33296337402885684,2.6894523042442917,-15.325165222220685,23.491925419960978,-3.9794921874999947,-6.310382780971013,39.985165734551906,87.1552771805179,45.78673756641864
"2025-11-29",4115,5423,0.38816153420615895,267.18790337451594,0.6091954022988506,0.6357615894039735,0.019546376544348147,35729,0.03208556149732621,"2025-08-30",5046,6527,0.4104489045503294,229.87590010724682,0.7022900763358778,0.7543859649122807,0.01409529646085491,26732,0.020070476482304273,-18.450257629805787,-16.91435575302589,-5.429998739693933,16.23136799023364,-13.255872063968006,-15.724626520868625,38.67304315756561,33.656292084393236,59.86447320080013
"2025-11-30",4103,5216,0.3895705521472393,271.68960889570553,0.6687898089171974,0.7101449275362319,0.020130368098159507,35687,0.030099693251533742,"2025-08-31",4820,6207,0.36136619945223136,257.3818269695505,0.7808219178082192,0.8527131782945736,0.01836636056065732,28562,0.023521830191719027,-14.87551867219917,-15.965845013694215,7.804922745337237,5.558971313016482,-14.347971840429103,-16.719367588932798,9.604556829189537,24.945732091590227,27.96492877552736
"2025-12-01",4941,6574,0.39139032552479464,247.0842713720718,0.6111111111111112,0.6492537313432836,0.015059324612108306,42901,0.024642531183449955,"2025-09-01",5086,6495,0.4346420323325635,221.0058506543495,0.6702127659574468,0.6857142857142857,0.009699769053117783,25047,0.01447267128560431,-2.8509634290208417,1.2163202463433411,-9.951110014752347,11.799877985360961,-8.81834215167548,-5.317164179104481,55.25446564387848,71.28198985906496,70.26940429415689
"2025-12-02",5070,6430,0.35349922239502335,247.8234836702955,0.6932515337423313,0.7410071942446043,0.017573872472783827,41070,0.02534992223950233,"2025-09-02",5257,6886,0.4180946848678478,228.24949172233516,0.7371794871794872,0.7538461538461538,0.01670055184432181,27772,0.022654661632297415,-3.5571618793988966,-6.622131861748475,-15.449960214931195,8.575700125445204,-5.958922379301153,-1.7031272940831064,5.22929204138212,47.88275961399971,11.897156757187854
"2025-12-03",4882,6285,0.38440731901352426,279.6739856801909,0.6708860759493671,0.6886792452830188,0.025298329355608593,43586,0.037708830548926014,"2025-09-03",5896,7727,0.4146499288210172,226.33544713342823,0.7701863354037267,0.7746478873239436,0.01604762521030154,30724,0.020836029506923773,-17.19810040705563,-18.661835123592596,-7.293528276607301,23.566144509091764,-12.893017558187013,-11.09777015437393,57.64531526676419,41.863038666840254,80.97896500096356
"2025-12-04",4748,6147,0.4081665853261754,239.3673336586953,0.6576576576576577,0.7210526315789474,0.02375142345859769,37076,0.03611517813567594,"2025-09-04",5164,6731,0.39488931808052297,250.1962561283613,0.8074074074074075,0.831858407079646,0.016193730500668548,29356,0.020056455207250037,-8.055770720371806,-8.676273956321497,3.36227561439001,-4.328171267323173,-18.546987354326802,-13.320268756998873,46.67048743102848,26.297860743970567,80.06760298609981
"2025-12-05",5032,6365,0.4147682639434407,251.57109190887667,0.5575221238938053,0.5751295336787565,0.019795758051846035,40907,0.03550667714061272,"2025-09-05",6009,8031,0.3980824305814967,245.78819574150168,0.8167539267015707,0.8313253012048193,0.01942472917444901,33295,0.023782841489229236,-16.258944915959393,-20.74461461835388,4.191552321857113,2.35279654091156,-31.739278420694347,-30.81775174588871,1.910085201522764,22.86229163538069,49.29535294045068
"2025-12-06",4956,6212,0.4431745009658725,241.09594333547972,0.5625,0.5989304812834224,0.020283322601416614,37173,0.0360592401802962,"2025-09-06",5606,7323,0.4080294961081524,251.61805271063773,0.8167539267015707,0.8545454545454545,0.021302744776730848,32041,0.02608220674586918,-11.594719942918301,-15.171377850607675,8.613349082097866,-4.181778398570829,-31.12980769230769,-29.91239048811014,-4.785402942196242,16.016978246621516,38.25225960225606
"2025-12-07",4546,5553,0.44084278768233387,229.27858815054924,0.5616438356164384,0.652542372881356,0.01476679272465334,34218,0.026292094363407167,"2025-09-07",4899,6248,0.4198143405889885,235.5995518565941,0.8,0.841726618705036,0.020486555697823303,26434,0.02560819462227913,-7.205552153500714,-11.123559539052497,5.008987321358064,-2.682926880052955,-29.794520547945204,-22.475735187599586,-27.91959301278588,29.44692441552546,2.6706284891049927
"2025-12-08",5359,6943,0.3944980555955639,268.84891257381537,0.6504424778761062,0.6852791878172588,0.02117240386000288,44359,0.03255077056027654,"2025-09-08",5302,7014,0.42072996863416023,226.5350727117194,0.7345679012345679,0.7862068965517242,0.016966067864271458,28267,0.023096663815226688,1.0750660128253489,-1.0122611919019104,-6.234857270508803,18.678714671234623,-11.452368558042691,-12.83729628640129,24.792639221899325,56.92857395549581,40.932780685049174
"2025-12-09",4883,6216,0.40878378378378377,249.24018661518662,0.5230769230769231,0.5449101796407185,0.016409266409266408,38346,0.03137065637065637,"2025-09-09",5807,7617,0.403045818563739,235.7032952606013,0.73224043715847,0.7808219178082192,0.01759222791125115,31719,0.024025206774320598,-15.911830549337006,-18.393068137061835,1.4236508495466131,5.743191387977199,-28.564867967853043,-30.213257695136047,-6.724341612401326,20.892840253475836,30.573928729666438
"2025-12-10",5238,6741,0.4263462394303516,235.1354398457202,0.6926406926406926,0.7185929648241206,0.023735350838154576,38180,0.03426791277258567,"2025-09-10",5968,8209,0.3990741868680716,268.8033865269826,0.7630662020905923,0.7824427480916031,0.026678036301620172,35982,0.034961627482031916,-12.231903485254692,-17.882811548300644,6.833830265071931,-12.525119983145293,-9.229279092292789,-8.160313763941662,-11.030367566022411,6.108609860485799,-1.984217438970127
"2025-12-11",4850,6147,0.43761184317553276,233.58711566617862,0.6307692307692307,0.6697247706422018,0.013339840572637058,34209,0.02114852773710753,"2025-09-11",5084,6755,0.40103626943005183,258.4017764618801,0.7933884297520661,0.827906976744186,0.028423390081421168,30843,0.035825314581791265,-4.6026750590086545,-9.000740192450037,9.120265804751703,-9.60313088225312,-20.496794871794876,-19.106277703329553,-53.067383818664936,10.91333527866939,-40.967642618115136
"2025-12-12",4567,5736,0.4089958158995816,233.19386331938634,0.7008547008547008,0.7,0.014295676429567642,31370,0.020397489539748955,"2025-09-12",9114,10993,0.2840898753752388,185.66078413535885,0.71,0.7421383647798742,0.012917311016101156,51737,0.01819339579732557,-49.89027869212201,-47.821340853270264,43.96705104656103,25.602110540141187,-1.288070302154811,-5.677966101694915,10.670683795941608,-39.36641088582639,12.114801255230129
"2025-12-13",4114,5156,0.40554693560899924,250.7633824670287,0.7164179104477612,0.7264957264957265,0.018619084561675717,29883,0.025989138867339022,"2025-09-13",4838,6380,0.39670846394984327,269.8319749216301,0.7354497354497355,0.7378048780487805,0.021786833855799374,37490,0.02962382445141066,-14.96486151302191,-19.184952978056426,2.227951370423353,-7.066839450787727,-2.5877805218511836,-1.532810623719717,-14.539741364394914,-20.29074419845292,-12.269467738823833
"2025-12-14",4237,5202,0.42233756247597076,219.0073048827374,0.6548672566371682,0.67,0.014225297962322183,29601,0.02172241445597847,"2025-09-14",4679,5986,0.3925826929502172,246.29067824924826,0.7108433734939759,0.7681159420289855,0.01971266288005346,34644,0.027731373204143,-9.446462919427228,-13.097226862679586,7.579261658772802,-11.07771254700101,-7.874606269686507,-12.77358490566037,-27.83675118435544,-14.556633183235192,-21.668450040068006
"2025-12-15",4218,5330,0.4176360225140713,231.44446529080676,0.6854838709677419,0.719626168224299,0.01594746716697936,29958,0.02326454033771107,"2025-09-15",5204,6887,0.4120807318135618,241.79047480760855,0.797979797979798,0.8160919540229885,0.022941774357485116,39463,0.02874981849862059,-18.94696387394312,-22.60781181936983,1.3481073662582364,-4.278915257118402,-14.097590853409564,-11.820455442938005,-30.48721115253996,-24.085852570762487,-19.07934883544639
"2025-12-16",4468,5648,0.43873937677053826,214.05701133144476,0.5816993464052288,0.6260162601626016,0.015757790368271955,28304,0.027089235127478753,"2025-09-16",5434,7331,0.3794843813940799,291.5727731550948,0.7782101167315175,0.8160377358490566,0.027281407720638386,47179,0.035056608921020325,-14.356910101590953,-18.885537842883814,15.761359623086697,-26.750807207131793,-25.25476140276899,-23.486901535682033,-41.00994928264644,-36.61344142610799,-21.07851707421148
